comment_id,video_title,author,comment,date,sentiment
UgwIKXlcBjuYfENlkit4AaABAg,Ahsoka | Teaser Trailer | Disney+,Jay C,the main writer is the same one from clone war and rebel it ha to be good right,2023-04-26,negative
UgzEFQPjonCvj0-2wOt4AaABAg,Star Wars: The Rise of Skywalker | Final Trailer,Alex,this is the best star war movie of all time sorry all you hater but the original movie were boring and overrated,2023-04-07,negative
UgzzNfe87CNICdic2f54AaABAg,Ahsoka | Teaser Trailer | Disney+,Dorukhan Kalyoncu,if i don't see the ezra in the show my life will never be completed,2023-04-23,neutral
UgxEH4mTSAozq2OAVV54AaABAg,Ahsoka | Teaser Trailer | Disney+,hairymcnipples,i'm torn i want heir to the empire to be the story about luke and mara that it always wa and i'm nervous about how they'll handle it and i feel like the clone stuff in it doesn't mesh well with the current take so i don't know how they'll resolve that (far prefer the eu version) but at the same time ahsoka is my favourite sw character and htte is my favourite sw story so,2023-04-23,positive
UgxtqU6wtf24bCFGAUd4AaABAg,Star Wars Episode I: The Phantom Menace - Trailer,Matt Bittner,george lucas made a masterpiece with this film and episode ii,2022-12-26,positive
Ugz8lqtP5wZKmf_zSOh4AaABAg,Andor | Official Trailer | Disney+,The Dude Abides,oh my goodness disney finally came up with something that wasn't a sht show andor is not only a good star war tv show it's a amazingly good tv show,2022-12-27,negative
Ugx2RKeZMLSxcpP1xq14AaABAg,Star Wars: The Rise of Skywalker | Final Trailer,Mary Tate,i just want to write that my name is josh and i want to write that it's the year and carrie fisher still doesn't have a star on the hollywood walk of fame,2023-01-12,positive
UgwM3oAY6uNa90-A6Mp4AaABAg,Star Wars Eclipse – Official Cinematic Reveal Trailer,Dom Johnson,i think the people that make star war game should switch with the people making star war movie why are the movie so trash and the game so good why do the movie look like they are made for year old and the game for year old what the hell is going on,2023-04-18,negative
UgwozFDfz4j-FkjLyE94AaABAg,Andor | Official Trailer | Disney+,Ted from Marketing,i made a mistake i gave this series a chance just two day agoand now i binged watched all episode before i knew what happened it suck you in so easily the best i can describe it is what if star war had real people in it no light saber v hundred of droids no thousand of star destroyer rising from the planet surfacejust real world building with plausible people that's all we want we want to watch star war without having to say oh c'mon,2022-11-21,negative
Ugyd1rFdpqtrjrgCQtt4AaABAg,Ahsoka | Teaser Trailer | Disney+,Trey-Heru,really surprised there isn't woke comment in the comment section,2023-04-26,positive
UgywGfX4nnO0MDvYgzl4AaABAg,Ahsoka | Teaser Trailer | Disney+,hmxl1ly,i must say i grew up watching rebel and oh my god im so excited,2023-04-26,positive
UgyhaiUEE-ghOJkPPDt4AaABAg,Star Wars Eclipse – Official Cinematic Reveal Trailer,Chris Reynecke,if only the last trilogy could have been something like this instead of the woke excrement disney dished up,2023-04-26,positive
UgzlEQRCKsVpfgyF2UF4AaABAg,Star Wars: The Rise of Skywalker | Final Trailer,Jonas Gustafsson,the chill you get after cp stay taking one last look at my friend,2023-01-15,positive
UgzX_5w4MZ22IItdP_F4AaABAg,Andor | Official Trailer | Disney+,THE GARNER COLLECTIVE,just started watching so this explains why england is empty of most people they all went to the andor universe lol everyone so far british and you expect to see a local pub and british drama lol,2023-01-20,positive
Ugz8Yn-SL1TjeMkDwut4AaABAg,Andor | Official Trailer | Disney+,Melvorgazh,how good is it seems slightly better than obi-wankenobi from this trailer i would guess,2023-03-08,positive
UgwHuKLtPLQn8z_vUaR4AaABAg,Andor | Official Trailer | Disney+,David Montague,this series exhibit a grand production with wonderful acting and cinematic achievement it may have been a little deep in the storyline trying to keep up however but overall is still an amazing series production,2022-11-17,positive
UgwV8jZkaSF6tLLm70t4AaABAg,Star Wars: The Rise of Skywalker | Final Trailer,eSporter,what wa the best part of these movie the trailer music evidently a lot easier to produce then a coherent meaningful storyline,2023-01-11,positive
UgyI8bozePIy_j4sco54AaABAg,Ahsoka | Teaser Trailer | Disney+,Micah Dahl,ha i thought this wa a fan made trailer wow look awful any star war thing made by f and f is burning to the ground get tony gilroy to come in and craft where star war should go,2023-04-25,negative
UgzRedh-RL6HUY4waTN4AaABAg,Ahsoka | Teaser Trailer | Disney+,Nicholas Carrera,this is gonna be good although i have one question will they bring back captain rex i think it will be awesome to see a live action rex he is one of my favorite clone of all time besides that i can't wait,2023-04-25,positive
UgzvVn58tz5-avbqh-14AaABAg,Star Wars: The Rise of Skywalker | Final Trailer,mbawkher,the trailer wa better than the movie and yes the music is epic,2023-04-09,positive
UgzDfnOICPfXU5JD3Nh4AaABAg,Star Wars: The Rise of Skywalker | Final Trailer,DeathSquad88,disappointing how i still get the trailer of this trash in my feed,2023-02-25,negative
UgyGOW1CPxhc00RaWr54AaABAg,Ahsoka | Teaser Trailer | Disney+,itsalecsteica,i just hope the rebel are going to be like in the animated show i just finished it and i will be very dissapointed if that's not the case,2023-04-23,positive
UgyXNr4ChPRNShAGSsx4AaABAg,Andor | Official Trailer | Disney+,alec cap,boringly slow pointless plot and what's actually going on doesn't work ha no end of money everyone know him and with a storyline that's flat this isn't the best of the clip shown seen episode and and not jazzed enough to watch the rd while ring and dragon are showing,2022-09-25,negative
UgzppvJonwrYhCRdvF94AaABAg,Ahsoka | Teaser Trailer | Disney+,A Marvelous Life,for everyone who hasn't seen rebel yet go and watch right now,2023-04-23,positive
UgwOfsa4yCLsJKQOB-x4AaABAg,Star Wars Eclipse – Official Cinematic Reveal Trailer,Martin Nguyen Andresen,this is knight of the old republic eclipse where timeline take you from year before star war episode,2023-04-20,negative
UgwafsVYlcYYYojBUjt4AaABAg,Andor | Official Trailer | Disney+,Poop E.pants,let hope this isn't woke disney throwing another star war dud,2022-09-24,negative
Ugzllda-m8Pku_V0mup4AaABAg,Andor | Official Trailer | Disney+,Vadim Semjonov,that's not star war it's just usual action film with effect sw can't be without jedi and jedi can't be without sw :),2023-01-23,positive
UgxtV6kQ6q55npbPCll4AaABAg,Ahsoka | Teaser Trailer | Disney+,Billy_mcCann02,kathleen kennedy ha ruined star war for me i already hate rebel so like this show better actually be good,2023-04-25,negative
UgwpW3Y7e05_gc99wu14AaABAg,Andor | Official Trailer | Disney+,Cyrus Rafiee,it's basically star war for adult very serious and political,2023-03-23,negative
UgziZaJQE7cT3ADcu4N4AaABAg,Andor | Official Trailer | Disney+,Andre Luciano,lolwho's next to get a series before vader cp rd the little door droid at jabbas palace,2022-11-15,neutral
UgxUt1-BT_GWCfTz4W14AaABAg,Ahsoka | Teaser Trailer | Disney+,SteelGnat 7438,i would be fun if thrawn and erza ended up warping so far from the known galaxy since the whale must be ablw to travel way farther then ship can ended up with in the unknown region where ashoka wilk fined trace of ezra and the story will go their is an entire world unknown to the majority of all the republic and nation of the central system where thrawn home work is also from the last few year thrawn and ezra have been fighting the grysk hegemony for the last few year sinxe rebel but they are fighting the grysk their own way ezra inspired others to join him in making the a resistance like guerilla force against grysk a well a thrawn who returned to his home planet in the unknown region eith help wirh some of the empire secret council with his knowledge ha built a new army to wage war on both the grysk and the new republic that why the first order ha archive of the most of the unknown region because it remaining data from the grysk while also with ezra learning origin of the jedi and sith who came from the unknown region that why luke wa their he wa called to the force for the final way battle and explore more of the unknown region with the force so that why when he exiled himself he wa able to navigate the unknown region to hide yet the new republic and first order could not known where he is,2023-04-24,positive
UgyydXWCtInlZKysKNB4AaABAg,Star Wars: The Rise of Skywalker | Final Trailer,Ghostly,the movie: buffalo dung the music in the trailer: masterpiece,2023-01-23,positive
Ugy_XzSVIshM5k2oNVl4AaABAg,Andor | Official Trailer | Disney+,Kyle,disney this is the best piece of star war you have given u keep this up,2023-01-18,positive
UgxHe6VvNJReU0CtGQV4AaABAg,Ahsoka | Teaser Trailer | Disney+,Repo MANG,this trailer suck it like theyre hiding a lot theyd never do that,2023-04-25,negative
UgzKCl34sGQdXqUbdcd4AaABAg,Andor | Official Trailer | Disney+,Douglas Goldfarb,can find the source of my alien race and my source sign from hooker place sent out,2022-11-01,neutral
UgzP910hHhCaD-UdFhx4AaABAg,Ahsoka | Teaser Trailer | Disney+,Christeraja Arullapan,i m recovering from season mandolorianrewatching season while waiting for this,2023-04-25,neutral
UgwlE8IW-_BByT-FQxZ4AaABAg,Andor | Official Trailer | Disney+,FractalPrism,it nice when the talented people aren't hamstrung by some kind of kathleen kennedy,2022-10-13,positive
UgwJ3g6bW8QxpUW6A8B4AaABAg,Star Wars Eclipse – Official Cinematic Reveal Trailer,Medaeus Stygius,noticed a tiny mistake in it: if the person is facing the eclipse then the eye should have a reverse reflection of it instead of left to right it should be right to left,2023-04-24,negative
UgzSV6Q-eVbQ4t-eP2V4AaABAg,Ahsoka | Teaser Trailer | Disney+,Chase Meek,i want sabine's mando armour back i guess it make sense that she'd leave that title behind if she isn't helping mandalore anymore but still moi sad,2023-04-26,negative
UgwFBBaHOP4AJh-610Z4AaABAg,Andor | Official Trailer | Disney+,Ben King,just done with it episode could fit in a like andor a star war story hour cinema movie it wa ok not that phenomenal just ok starting tonight with obi wan hopeing for more,2023-01-29,positive
UgwfEx1uRr7mrK12u3R4AaABAg,Andor | Official Trailer | Disney+,vsavatxr,i say they shouldve pulled a netflix and released it all on one day the series is just too slow to have one come out weekly,2022-10-05,neutral
Ugw4dNdpXkBp-tRQ6Eh4AaABAg,Star Wars Episode I: The Phantom Menace - Trailer,Adam,i wa when this came out and i will only ever have love for this film and the following two prequels,2022-09-03,positive
UgwK0yNTQPTUmtHHtZ14AaABAg,Star Wars: The Rise of Skywalker | Final Trailer,Hella Coorinna,when rey looked back at her undefeated army of all-woman jedi master and whispered for canto bight horse and charged bravely at the all-white army of straight men from second order i cried truly what a war-ending life-saving movie,2023-04-11,positive
Ugznnb2yFcXw4mG8GI54AaABAg,Star Wars Eclipse – Official Cinematic Reveal Trailer,mr coachray,video game cinematics shouldn't be better than the movie but it is where we are,2023-04-14,negative
UgwRItOzh_4lNfWWC6V4AaABAg,Andor | Official Trailer | Disney+,Wing Mwanzia,luthen is an amazing star war character one of the best ever actually imo,2022-11-17,positive
Ugy8T1iB6ecdUvDwYFp4AaABAg,Star Wars Episode I: The Phantom Menace - Trailer,Rich L,who is watching this in year i finished watching obi wan kenobi tv series and decided to watch episode trailer again it came to a full circle watching young leia and the battle between obi wan and vader,2022-07-07,negative
UgzorUgfTTge_etNwOl4AaABAg,Star Wars: The Rise of Skywalker | Final Trailer,Marcio Mieres,confronting fear it the destiny of the jedi let me cry alone,2023-01-11,negative
Ugyb5c48lmXurYGf8FB4AaABAg,Star Wars: The Rise of Skywalker | Final Trailer,Jixx the Courageless,disney doesn't know how to make a star war movie but they sure know how to make a trailer,2023-02-05,positive
UgyHgg_FShtQ-2xE4VJ4AaABAg,Star Wars Episode I: The Phantom Menace - Trailer,sjdrifter72,i wa only when star war premiered in the original trilogy wa a huge part of my childhood after watching episode i at the theater i wa in shock and couldn't speak the first word i uttered were man the movie sucked little did i know that it's nothing compared to the non-canon wokefest from kathleen kennedy and the evil empire known a disney,2022-07-04,negative
Ugw3KS4j4ryZUu3wsZF4AaABAg,Andor | Official Trailer | Disney+,Vincent Valentine,javalina pride corruption and utpa corruption into utrgv trooper support deadmen walking,2023-03-07,positive
UgwKTAR8AWU7gA4byj94AaABAg,Andor | Official Trailer | Disney+,Eetu Andersson,keep wondering if someone is trying to introduce a new word into the english language with the series title andor a a combination of and or who know,2023-04-02,neutral
Ugypb49rXswh_WLRNaZ4AaABAg,Star Wars Eclipse – Official Cinematic Reveal Trailer,James Hart,o dam i thought this wa a new dish plus series not a game omg this is going to be amazing,2023-04-18,positive
UgwhrFvwV2UuK-HZi854AaABAg,Andor | Official Trailer | Disney+,Aruelmyth,there is a familiar feeling in visual term related to star war andor the cultural theme is similar to what we have on planet earth i think i'm going to love this one,2023-01-23,positive
UgyYUGtr4C9GSa6hiVV4AaABAg,Andor | Official Trailer | Disney+,Paul,came back to cleanse my eye after that disastrous mando s episode,2023-03-02,negative
UgxB5vnrWLl_kqXYCKh4AaABAg,Star Wars: The Rise of Skywalker | Final Trailer,ninetyninedreams,really liked this movie sick of the annoying hate from people,2023-04-15,negative
UgxKbIbSOKps-A5c5G94AaABAg,Andor | Official Trailer | Disney+,Vomit Inducing Media,who would have expected this show would be the best thing to come from the disney star war stuff,2023-04-10,positive
UgyJehM4C2ffLU6ja2x4AaABAg,Star Wars Episode I: The Phantom Menace - Trailer,alfredo walter gutierrez maldonado,i can't wait to watch this in the theater i bet the kid who play anakin must have loved working in this film,2022-09-04,positive
UgwhvnR43e-ljf2aJR54AaABAg,Andor | Official Trailer | Disney+,The Northie,you dont tell a story to break someone heart you tell a story from the heart and get heart broken this really sum up this series so far and i cant wait for the second season,2023-04-20,negative
UgxSv3KGMGe4ymeYcj54AaABAg,Ahsoka | Teaser Trailer | Disney+,Moji Maleki,it's thrilling to have the crew of ghost back but won't their presence block the ahsoka's light,2023-04-23,positive
Ugy3FB7ebaokyRVtxMp4AaABAg,Star Wars: The Rise of Skywalker | Final Trailer,Zanbox 8873,the only thing which is not worthless is the music the movie wa absolute trash,2023-03-01,positive
UgzByYJZnftSpR0Mb6B4AaABAg,Star Wars: The Rise of Skywalker | Final Trailer,Than0sCr33per ,it strange yet pretty funny how the trailer were better than the actual movie,2023-01-20,positive
Ugw57vYLn8GbqpcRQYt4AaABAg,Ahsoka | Teaser Trailer | Disney+,Ian Linera,the lightsaber is not even red it's got a very orange tint to it when is disney going to learn to do thing right with star war they did great with andor and the mandalorian s wa ok why do they have to mess it up,2023-04-26,neutral
UgxXvrNVr2ESffzX5Ft4AaABAg,Andor | Official Trailer | Disney+,Dominic,want more of this just don't have ryan johnson direct anything he doesn't understand the universe,2022-11-19,positive
Ugzt-N-Nrx_qpASCrcl4AaABAg,Star Wars Episode I: The Phantom Menace - Trailer,‘90sNickfan,the skywalker saga anakin skywalker's downfall episode i: the phantom menace episode ii: attack of the clone episode iii: revenge of the sith darth vader's redemption episode iv: a new hope episode v: the empire strike back episode vi: return of the jedi,2023-01-09,negative
Ugz-u73nCwh2N12pE0B4AaABAg,Ahsoka | Teaser Trailer | Disney+,Omni Riven,this look very good but so did the sequel trilogy trailer :' -),2023-04-26,positive
Ugy9-QipGqBZRLpHBsN4AaABAg,Star Wars Episode I: The Phantom Menace - Trailer,Tuco,back in nov there wa a lot of expectation around the release of this teaser e announced they would show it at the end of one of their news program everyone went nut i did a recording on vhs and watched it for several month until the movie wa released i didn't have a good internet connection to download a trailer you would have to wait several hour that vhs wa pretty much burned out after a few week,2022-07-05,negative
UgyNb1brYIX9wwLgT7N4AaABAg,Star Wars Episode I: The Phantom Menace - Trailer,Leo Darden,my first movie i went to see a kid i still love this moviehow in the hell it's awful,2022-08-04,negative
UgxzodoDDQr4amYzJ554AaABAg,Star Wars Eclipse – Official Cinematic Reveal Trailer,Mars One Genesis,high republic bleh sound like i am going to play in era just to be lectured about political correct thinking more,2023-04-17,positive
UgyltvuSvUpUKWXDbkd4AaABAg,Star Wars: The Rise of Skywalker | Final Trailer,Got Milk?,your feeling on the movie aside this is one of the best trailer ever made,2023-03-26,positive
UgxcAjCnmJ4r96df2Bh4AaABAg,Ahsoka | Teaser Trailer | Disney+,FM zigzag,this why mario better not be anything but mario bros star war became trash since try be something other then starwars,2023-04-23,negative
UgxCvE6Zra7iaok31Dd4AaABAg,Star Wars Episode I: The Phantom Menace - Trailer,Jason Leal,this brings me back to downloading this trailer on a irc chat room the anticipation wa crazy,2022-11-15,negative
Ugwgp0a8hIcyG7aIs594AaABAg,Ahsoka | Teaser Trailer | Disney+,Harry S.,is the story take place before she meet the mandalorian after the mandalorian season,2023-04-24,neutral
UgwXHvNO3uzJoWhigkh4AaABAg,Star Wars Episode I: The Phantom Menace - Trailer,Jack White,it's funny to me how fan think that they are film expert the entire prequel trilogy is fantastic sure some of the acting isn't that great but that wa the case for the original a well,2022-07-18,positive
UgxgSfs2s8a6a19zZst4AaABAg,Andor | Official Trailer | Disney+,VintageCR,this is revolutionary by far the best series disney are on a role take note,2023-01-31,positive
UgzXdc0TQ_InRjdY-P14AaABAg,Star Wars Episode I: The Phantom Menace - Trailer,mungus,the phantom menace is like the greatest star war movie of all time,2023-03-28,negative
Ugz7SCfnEQvX3AKvz7B4AaABAg,Andor | Official Trailer | Disney+,VedantxGhost,i love this kind of star war more than the force side of thing,2022-11-02,positive
Ugw6Gjck122ANRwjR1R4AaABAg,Star Wars Episode I: The Phantom Menace - Trailer,macshune,anyone else camp out overnight to see episode i because of this amazing trailer only to be disappointed by a just ok movie,2022-07-24,positive
Ugzih1ZWCd7ZBko2zTt4AaABAg,Star Wars Episode I: The Phantom Menace - Trailer,Jonathan Morales,year ago today this gem of a trailer wa released it wa such a sublime and unforgettable moment all those year have passed and it still move me so much every time i look at it personally it is my favorite trailer of all star war so far i love the trailer,2022-11-18,positive
Ugw65B4NX46ZAjGtqX54AaABAg,Andor | Official Trailer | Disney+,Stand Firm,kevin gate the type of guy i wouldnt approve my sister of dating,2022-12-06,neutral
UgxO9LZHDhyF6PVzrJh4AaABAg,Ahsoka | Teaser Trailer | Disney+,John Tetra,yeah i think this is going to be the best star war show to date maybe since disney took over,2023-04-22,positive
UgytnhmwP2VZmftrMZx4AaABAg,Andor | Official Trailer | Disney+,B4D_b0y_217,i wasnt a big fan of rouge one but im willing to give it another shot along with this show whichlooks very well shot,2023-02-09,positive
UgxDWTUvBDsttLpvjyp4AaABAg,Star Wars Eclipse – Official Cinematic Reveal Trailer,Rice V,i don't get it who the f is that where the f is this and what the f is this even about,2023-04-17,neutral
Ugzk-RgovmYjmtdZ3714AaABAg,Ahsoka | Teaser Trailer | Disney+,Urban Sidhe,i know it's not that important but i'm so glad they fixed her lekku,2023-04-24,positive
Ugx_xm7x5rYBaCEx_Np4AaABAg,Andor | Official Trailer | Disney+,David Cole,i hope the fan come out and support this show it is fantastic it is the first star war show that i eagerly wait to watch each week,2022-11-10,positive
UgwQgyijTEhYbA0GYYd4AaABAg,Star Wars Eclipse – Official Cinematic Reveal Trailer,JXJohnson,who else saw this on their timeline and thought it wa a new trailer,2023-04-15,neutral
UgzKQDYtOxtEeK8kytx4AaABAg,Star Wars: The Rise of Skywalker | Final Trailer,M64bros,all right i know some people will disagree with me on this but that's totally fine i absolutely enjoyed this film i mean sure and yes it doe have a lot of flaw and problem but in the end it wasn't really that terrible however to be honest the real reason i loved it is because they didn't kill off rd and cpo they are the real skywalkers,2023-01-13,positive
Ugwd1P7eFKe_PXv6Z6d4AaABAg,Star Wars Episode I: The Phantom Menace - Trailer,Louis Berry,this trailer is better than the movie and is one of the best sw trailer ever made,2022-09-14,positive
Ugykh8SFPBVYoWPLNcN4AaABAg,Star Wars Eclipse – Official Cinematic Reveal Trailer,Cr3ePiO,so no idea what the actual game will be imagine it turning out a mobile game full of micro transaction,2023-04-16,negative
Ugwb05gRkqPxBZVoxBJ4AaABAg,Star Wars Episode I: The Phantom Menace - Trailer,Alan Mathias,the hater of the prequels pretend to be true star war fan but they aren't i love the phantom menace it's my favorite with revenge of the sith and return of the jedi,2022-12-10,negative
UgyWRW2WDTb18850lAd4AaABAg,Ahsoka | Teaser Trailer | Disney+,Eric Lucero,is this connected to the clone war series thats the only star war content ive seen i wanna see this since ashoka is my favorite character im just not sure if ill understand it or even they're even conected i do know the basic story of the prequels and orginals just not on anything made after that,2023-04-26,negative
UgzhunSUsZUS1SHwvJx4AaABAg,Andor | Official Trailer | Disney+,Prkrtr,fire everyone else at lucasfilm immediately and hand over all project to the team who made this hbo level show,2023-04-14,positive
UgzG3iwv9_xN5Alt7Pl4AaABAg,Star Wars: The Rise of Skywalker | Final Trailer,Court of Owls,they say the saga will end but yet they will make another movie am sure,2023-01-12,positive
Ugw7sNJ_zuzxiqudz0F4AaABAg,Star Wars: The Rise of Skywalker | Final Trailer,Ztreak,keep coming back to this trailer music give me the chill every time epic,2023-03-09,neutral
Ugz2asLlgEPbdx38Aj54AaABAg,Andor | Official Trailer | Disney+,redstar katchina,disney did you pick adria to star in andor to win my favour bcoz how disappointed i wa at the emotional wreck obe one wa could not even take down mass murdering youngling killer with all his sentimental unjedi mind set because if you did it worked,2022-10-02,negative
UgwrOHTvBaFXbOYhIeJ4AaABAg,Star Wars Eclipse – Official Cinematic Reveal Trailer,Aaron Mccutcheon,this trailer tell me nothing and y'all pumped watch it be a twin stick shooter lol,2023-04-16,positive
UgzhoH-YeW1aV8Oc4Gl4AaABAg,Andor | Official Trailer | Disney+,TheSheep79,good show just one question ak really a long time ago in a galaxy far far away mikhail timofeyevich kalashnikov time traveller and arm dealer well thats a story for another time ;),2023-02-18,positive
Ugx9xrMpcl3MHIwPSVh4AaABAg,Star Wars Episode I: The Phantom Menace - Trailer,The West is the Best,like it or not the prequels cemented star war a a generation spanning franchise without them it would have died out and none of the great star war content we have today would have happened,2022-11-12,negative
UgzZQiEaPtBRbSCfl_N4AaABAg,Andor | Official Trailer | Disney+,Jixx the Courageless,it a shame season wont come out till but im sure it'll pay off in the long run,2023-03-22,positive
Ugz29ZU_0c0zqO_sB8B4AaABAg,Star Wars: The Rise of Skywalker | Final Trailer,Deadly Destiny,the dark side is known to give several ability some not natural,2023-04-20,neutral
Ugxks4L0dVOGLdpRx2t4AaABAg,Andor | Official Trailer | Disney+,Lee Chapman,a amazing a this trailer is it still doesn't compare to how incredible the entire series is the best series,2022-11-06,positive
UgxboVezH7OYo5EnSCV4AaABAg,Ahsoka | Teaser Trailer | Disney+,carphalphinx,another overhyped show thats going to fail let me guess episode and of them are going to be useless filler,2023-04-22,negative
UgxSgaAcVz0pXGnUUHB4AaABAg,Star Wars: The Rise of Skywalker | Final Trailer,Josué Medina,it been year and im still disapointed i mean they had everything to make a good final for the saga but everything went wrong there were two story plot that seems to work but they choose the one that doesnt work :/,2023-03-01,negative
UgxAB-MuIDRhDKmQJwt4AaABAg,Star Wars: The Rise of Skywalker | Final Trailer,Luke Thompson,that moment when the trailer is better than the entire sequel,2023-04-09,positive
Ugwlo167EZN-Rwk442p4AaABAg,Star Wars: The Rise of Skywalker | Final Trailer,Miju,me after hearing that the saga is returning: how many other lie have i been told by the council edit: not saying that it's gonna be bad or anything just saying it for fun and me a someone that doesn't enjoy the sequel i'm glad some of you enjoyed it,2023-04-16,positive
UgwRi_vT833EJMgPVx94AaABAg,Andor | Official Trailer | Disney+,FalanJ,i can't stop thinking about the country i've been growing up this tv is just like what is happening here the party ignore the calling of his people and that's why everyone here need stand up and fight for themselves,2023-01-29,positive
Ugz4Kzw53W_r5svs-ml4AaABAg,Ahsoka | Teaser Trailer | Disney+,DailyTube,wow that is insane i know some leek to see it text me please,2023-04-25,positive
UgwzxzVV2j0Qc-RULQN4AaABAg,Andor | Official Trailer | Disney+,Grechkin,it kind of strange that in a galaxy far far away they use ak,2023-04-07,negative
Ugzy7S5U6GWIEs4xS2l4AaABAg,Andor | Official Trailer | Disney+,Jan Welk,i gotta sayi'm thoroughly enjoying this show bad guy that are competent a protagonist that make mistake and is ruthless woman that aren't overpowered and complement the storya weird breath of fresh air,2022-09-24,positive
UgzcRhDzlrYNEiMOXax4AaABAg,Andor | Official Trailer | Disney+,Noah Hawver,they need to give this production team complete control over everything star war,2023-01-23,negative
UgzblUQphdDKiANrW_F4AaABAg,Andor | Official Trailer | Disney+,WC3Gaming,cant believ how much i enjoed this show more of this type please screw mandalorian and that frog baby this is real star war,2023-03-20,negative
Ugz370xfPqLH0tQxZ8d4AaABAg,Star Wars Eclipse – Official Cinematic Reveal Trailer,Carl Thomas,cinematic is an understatement this trailer open up all sort of possibility of star war lore that can be explored disneytake note,2023-04-20,negative
UgyIH3duyC2IIbU8XsR4AaABAg,Andor | Official Trailer | Disney+,Jay Edgar,this show look great i dont watch starwars and i think it good however diego luna played manolo in the book of life and i will never be able to hear his voice and not think of that movie which is great so i will not watch this show,2023-02-05,positive
UgwW9_JU0D0LRY6pwf14AaABAg,Star Wars Episode I: The Phantom Menace - Trailer,ackbarfan5556,did anyone go to see meet joe black to watch this (i wa so i didn't),2022-11-24,neutral
UgxfQmvAq9d5jcYaz0N4AaABAg,Star Wars: The Rise of Skywalker | Final Trailer,Xiaya Bennett,if they continue in a decade or so i want ben solo resurrected so they can fully explore the dyad concept,2023-02-14,positive
UgySPYsFZKe12yg-di54AaABAg,Star Wars: The Rise of Skywalker | Final Trailer,Jo Whittaker,even though i didn't like the movie this trailer still go hard the music get me emotional every time,2023-01-10,negative
UgyZJ_XCHYZvJYn4bcF4AaABAg,Ahsoka | Teaser Trailer | Disney+,Mike Chedzoy,lot of light sabre something we all wanted from the get go of disney however disney failed and ha been failing hard with every show and movie will this be any different,2023-04-26,negative
UgxFvhSSWgxEPJXVjtp4AaABAg,Obi-Wan Kenobi | Official Trailer | Disney+,Mike,just from watching the trailer it's a shame that they used moses ingram a a main character she annoying,2023-04-26,negative
UgzAu6AddbPZR8XThm54AaABAg,Ahsoka | Teaser Trailer | Disney+,Elitechaz 8,im just happy they didnt change zebs actor he the only original actor from the tv series that didnt get replaced,2023-04-25,positive
UgwgBJGb1vv00ruC4kt4AaABAg,Andor | Official Trailer | Disney+,Dillon Johnson,this could be part of the birth of a war fallout in the galaxy which started all nine of those film we are a fan of,2022-10-15,negative
UgwYqFBnR44b13QLetV4AaABAg,Andor | Official Trailer | Disney+,Remember The Future,actor mumble mumble mumble actor mumble mumble- but here's a dryer tube so you know it's space,2023-02-02,neutral
UgzyTqcuBqyzidsOzs14AaABAg,Ahsoka | Teaser Trailer | Disney+,Jesse ON FIRE,coolanother star war with all female cast i cannot believe how committed to destroying this brand they are,2023-04-22,negative
Ugyv3gDbVZFaeo9JHyx4AaABAg,Star Wars: The Rise of Skywalker | Final Trailer,Cr4z33,i wonder if blake used a real orchestra at this round or if it's still all vst made,2023-01-02,neutral
Ugx-cEatg7pmZ0CTL9l4AaABAg,Star Wars Episode I: The Phantom Menace - Trailer,Captain MW88,this is my favourite star war movie i dont care what people say,2022-10-26,negative
Ugzm10I87k_mQ7NfnGF4AaABAg,Star Wars Episode I: The Phantom Menace - Trailer,ObsessedCollector,a long time ago in a theater far far away when faded in the theater went nut i miss those day,2023-04-26,negative
Ugw7w-kG5pHXcIVfTsx4AaABAg,Andor | Official Trailer | Disney+,MilkyWay gaming lol Ye,hope when the clone scene show some small detail of them helping each other a brother not just killing rebel and not caring for each other,2023-03-15,positive
UgyE6bJ0k-zmas0PiGx4AaABAg,Andor | Official Trailer | Disney+,Teabag Anyone,only disney feminist writer could make a star war show about a rebel killer boring haha it so dull this show,2022-09-23,negative
UgxSV8TtXWGoCzzcMIN4AaABAg,Andor | Official Trailer | Disney+,Exilewarrior006,thismay be the star war show i have waited for my entire life too see,2023-03-11,negative
UgywFjDgbkyBbT-4UQt4AaABAg,Ahsoka | Teaser Trailer | Disney+,Pipe3510 HorseFriend,so amazing and even the music is more or le what i expected the essence of the world between world,2023-04-23,positive
UgzgT8zQeT6vvJ3CO3R4AaABAg,Obi-Wan Kenobi | Official Trailer | Disney+,abaabaaba,wa this show's script written by chatgpt i feel like if they had waited until or were out it wouldn't be so janky and weird,2023-04-12,positive
Ugz0mt9fcD-S78cCXHN4AaABAg,Ahsoka | Teaser Trailer | Disney+,EL TIGGRE 2023,you guy think there any chance that ezra will come back too,2023-04-22,positive
UgwACZtxZgLW4dlwuZZ4AaABAg,Andor | Official Trailer | Disney+,jason198146,never would i have expected a star war show to be this good the other show have a lot to measure up on,2023-04-21,negative
Ugz6-fRIzpRjTqOMXcJ4AaABAg,Star Wars Episode I: The Phantom Menace - Trailer,Matemática? Não tem problema!,episode carried the weight of more than year of anticipation for a star war movie it ha it flaw however it expanded the universe of star war in an unimaginable way for that reason alone he is a landmark,2023-02-25,negative
Ugwc5OxGby6Ud7HP3pB4AaABAg,Andor | Official Trailer | Disney+,Merv Cann,who the heck cast a scottish actor a a empire police sergeant,2022-10-03,neutral
UgxBXaA-5xD7srabvv54AaABAg,Andor | Official Trailer | Disney+,Adrian Spencer,if you're looking for a fast paced action packed series then this isn't it gave up after seven episode paint drying is more exciting to watch,2023-01-02,positive
UgxgOwt5UgPI0yd0Klp4AaABAg,Ahsoka | Teaser Trailer | Disney+,Rodney Peterson,more excited for this than any other show disney ha had cannot wait,2023-04-24,positive
UgxoVgArNa6q6jxKFmF4AaABAg,Andor | Official Trailer | Disney+,SD R,episode finished and it feel like i am watching a real life story brilliant so far fantastic acting all round so happy,2022-09-28,positive
UgyMunq6oJHFdBoJbmt4AaABAg,Star Wars: The Rise of Skywalker | Final Trailer,BBQMan87,that final music arrangement may just be the best thing ever provided by the new trilogy,2023-02-13,positive
UgwF5fUO5w5Hhk2S-wp4AaABAg,Star Wars: The Rise of Skywalker | Final Trailer,Agash Selvam,thanks this movie i waiting movie film are warting in cinema i waiting several star war movie cinema,2023-03-20,negative
UgzFhXImNEJn6VQzIOF4AaABAg,Andor | Official Trailer | Disney+,RE4PER,best disney star war show and it's not even close mandalorian is becoming painfully mid in comparison,2023-03-19,negative
UgzrQ32SOnIJqOkfkUZ4AaABAg,Ahsoka | Teaser Trailer | Disney+,Marta Burga,warrior outcast rebel jedi goosebump when done right nothing top star war and this this look incredible,2023-04-23,positive
UgxGOjP_hpn4QFT0zEt4AaABAg,Andor | Official Trailer | Disney+,Crow Magnon,by far the best thing to come out of the star war universe since empire shame there will only be one more season i expect some of the future disney star war show will be hit or miss depending on who is involved anything star war related should be/should have been of this caliber and that includes the prequels,2023-04-22,negative
Ugyq18P4rfg8aKBII8J4AaABAg,Andor | Official Trailer | Disney+,Adam Woolman,masterpiece greatest piece of star war that's come out since revenge of the sith,2023-04-12,positive
UgxO5BfcpuYv3n19X-t4AaABAg,Andor | Official Trailer | Disney+,Fouled Diver,how come there are so much fewer aliens/creatures in the new disney star war then those of the past is it expensive to produce imagination,2022-09-25,negative
UgwDfBSayYdWj6Tz2Xh4AaABAg,Star Wars Episode I: The Phantom Menace - Trailer,Oula Hynynen,i say in the name of sw consistencythere really ought to be a re-edit of jake lloyd's scene replacing him with a digital rendering of young hayden christiansen get with it disney,2023-04-09,neutral
Ugym1mx7vSJ3_0H4xsZ4AaABAg,Star Wars Episode I: The Phantom Menace - Trailer,Pokistarnik,hand down best trailer for best episode for the best trilogy for the best film oat,2022-07-18,positive
UgzX3WSqmN0Mpzo4Qyd4AaABAg,Andor | Official Trailer | Disney+,Ott One,oh i got prison stack ship that are just prison that are actually wedge anchor penetrator impact super diode detonation cell cuz it's a tesla cell and got to wear armor because it ha a plasma and i can turn on in the room so not a fair day cage nope,2022-10-11,negative
UgyQiL1U-s0GJigFQC54AaABAg,Star Wars Eclipse – Official Cinematic Reveal Trailer,josh johnson,lucasfilms game thats a dumb name what happened to lucasarts,2023-04-19,negative
UgwjzhuOMmX9NnHAfU94AaABAg,Star Wars: The Rise of Skywalker | Final Trailer,Tumbleweed43,sequel trilogy should have been about a galaxy that thought it didnt need the force and a young new generation eager to help but not sure who to believe only to find out that there is evil and good in the galaxy and the force will be with you always,2023-03-26,negative
Ugzifj7XGHVvPUA8Fw94AaABAg,Star Wars Episode I: The Phantom Menace - Trailer,Average internet User,i'm rewatching for the great memory it gave to me and my friend,2022-11-22,positive
Ugzj0WdH8twOdu9Q8nF4AaABAg,Andor | Official Trailer | Disney+,What to Watch,funny disney want you to think they are the rebellion when in fact and in deed they are the empire,2022-09-27,positive
UgyhAt_Per31jC5Xw-B4AaABAg,Andor | Official Trailer | Disney+,PANO FRUA,look lamewhen are they going to make a good series or movie again such a darth vader (show how he got the reputation and what difficulty he faced before everyone start to fear him series) darth maul (series about him getting taken to be trained to be a sith and became a jedi killing machine series or movie) asoka maybe another clone war movie or mace windu movie giving ideasnot going to give a lot of time telling how these movie should be made but i hope you care enough to make a really good mixed emotional movie (dont add politics to these),2022-10-18,positive
UgzAemG-5Mv2RuUEKRJ4AaABAg,Andor | Official Trailer | Disney+,Big Swede,wy not another season of the mandalorian this could be any thing just shhite btw it booooooorring,2022-10-05,neutral
UgyNzEfNXwgxIO7eaSR4AaABAg,Andor | Official Trailer | Disney+,Alberto Claire Alfaro,the star way cast ha just become resident of brooklyn zero threat maximum pretentiousness,2022-09-25,negative
Ugw0RGipGhkCN7gOcUl4AaABAg,Andor | Official Trailer | Disney+,Wayne Zheng,i must say i wa about to get disillusioned with star war after disney produced the disappointing book of bobba fett and the trash that wa kenobi andor give me faith again,2022-10-12,negative
Ugz4EwpDJrPjfGgrY0t4AaABAg,Ahsoka | Teaser Trailer | Disney+,KaijuRevengence54,i really want this show to be good but i cant help but feel like this might become she-hulk all over again,2023-04-25,positive
UgytjwKwJ9mY1llSY3F4AaABAg,Ahsoka | Teaser Trailer | Disney+,Alexander Forbes,i enjoyed watching ahsoka grow and mature a a character over the year i think she wa in a really good place by the end of the clone war in term of character realization however i think they took it a bit too far she's become too much like the republic era jedi that she saw the flaw in and left too dispassionate too aloof i'm not really interested in ahsoka if she's got ice water in her vein honestly i think the full realization of the character would have been more like kanan a spouse a parent and a jedi knight show that it's possible to be a jedi and still be a person fundamentally i think that's the take away from anakin's story if he hadn't been stifled by the jedi's dogmatic way he could have been an incredible force for good but instead he had to live in secret and a a result had no support system when he wa in crisis he took the only hand extended to him palpatine's and the galaxy suffered it's also the cause for most jedi that go dark you can live a disciplined and principled life and still let yourself feel thing and form attachment,2023-04-22,positive
UgyO9iuLRpGXavLvV1d4AaABAg,Ahsoka | Teaser Trailer | Disney+,Nietzsche Ente,rosario dawson is great but i don't trust disney anymore hope the show is solid at least,2023-04-23,positive
Ugz41Lp2WEKAuPaSSBp4AaABAg,Andor | Official Trailer | Disney+,Pepper Jack,this show ha no soul like all of starwars now stop making show for child,2022-11-22,positive
UgxxKDQELVEQyGyVvJl4AaABAg,Andor | Official Trailer | Disney+,abcun17,star war andor put pretty much every other series around including the mediocre house of the dragon and the awful the ring of power to shame in pretty much all aspect message to disney and lucasfilm for whatever it is worth; if you want to aim for something aim for andor in term of the quality of your programming andor is the perfect distillation of what creativity talent imagination and commitment can do too bad few seem to recognize that fact,2022-11-01,positive
Ugx4eom4ENnOdiBdUm14AaABAg,Andor | Official Trailer | Disney+,Eru Iluvataår V.,brilliance an amazing tv series keep up the top notch product,2023-04-22,positive
UgyQ91g3WR4pgtw6xHN4AaABAg,Star Wars Episode I: The Phantom Menace - Trailer,The Vicious Chicken of Bristol,most disappointing cinema experience i've ever had dreadful movie,2022-12-31,negative
UgxmRJTGoXbS85UeeaB4AaABAg,Andor | Official Trailer | Disney+,Alok Tripathi,x better than mandalorian i would rather watch andor s repeat than the other trash disney is putting out there,2023-03-05,positive
UgyLxwa-hTuYnReRLJl4AaABAg,Andor | Official Trailer | Disney+,mehmet okur,if you could make a show like this why did you turn obi wan to a such a terrible disaster one of the best thing ever made about star war we needed something like this to recover after seeing something so terribly bad like obi wan,2022-12-15,negative
UgwOzwIeIng7GhgIAGR4AaABAg,Star Wars Eclipse – Official Cinematic Reveal Trailer,Kristopher Villeda,please be co op please be co op please be multiplayer thats all i keep saying in the beginning lol,2023-04-16,positive
UgwTKvj5_cPsFNSJpEt4AaABAg,Star Wars Eclipse – Official Cinematic Reveal Trailer,Rassilon’s Empire ,i love how they still don't even know what the game is supposed to be and they just put this together for soemthing lol,2023-04-15,positive
UgwCyD3Lape8D6Na39t4AaABAg,Andor | Official Trailer | Disney+,HxZ,nobody talking about that they hade real ak like it weoponds that we use not starwars,2022-10-19,positive
Ugztd-_Rwqg6aoFphiB4AaABAg,Ahsoka | Teaser Trailer | Disney+,bobscomix,trying to be optimistic though it doesn't seem like there are enough episode in a season to adequately tell this story too many moving part too many character,2023-04-26,neutral
Ugygj6aYNPX4gfcihU94AaABAg,Star Wars: The Rise of Skywalker | Final Trailer,The Force Dragon,i love this trailer so much it give me chill and the nostalgia i miss star war movie,2023-01-30,negative
UgwZzBteZP-fnZ8Ww8Z4AaABAg,Ahsoka | Teaser Trailer | Disney+,The Hardcore Casual,sabine is a really bad cast also not very sure about hera let s hope the series is better than all the meme series they created so far like mandalorian obiwan and that one with the bold guy andor wa the only really decent while clone war and rebel were real masterpiece,2023-04-25,positive
UgwRy2JMUV6_Y0J6a854AaABAg,Star Wars: The Rise of Skywalker | Final Trailer,Tommy 1993,star wars: the rise of skywalker finale star wars: the emperor is reborn,2023-01-13,negative
Ugwy3d4hbDnkDrDZyAN4AaABAg,Star Wars: The Rise of Skywalker | Final Trailer,MonkeyBruddha,over three year later and i am still coming back to this take me back to the time when everything in my life wa good,2023-02-24,positive
Ugyf0Gi8ixpxm7UXU214AaABAg,Andor | Official Trailer | Disney+,Karam Vidclips,o-m-g i'm on episode this show is frickin amazing the acting and the dialogue is engaging it draws--no no it spin you in deeper and deeper like vertigo i love the range of emotion that are on display here and star war underlying theme wa the contrast between devotion love and the duel with morality it make you take a deeper look but i'm afraid the real life 'empire' will want to cancel this show because of the rebellious nature of the story you will notice that the show that last longest of tv are the cop show and drama's that promote your compliance and cooperation to authority so for andor season one very good and for me highly recommended whoever put this show together with the actor and the script writersyou guy have to win an award it's a must,2023-01-30,positive
Ugyl6lNB8r6fePk6WSt4AaABAg,Andor | Official Trailer | Disney+,Scandalf420,best star war any format since empire i never expected it but it somehow true amazing show,2023-01-29,positive
UgzUPZWtZXjJxbG3bv54AaABAg,Andor | Official Trailer | Disney+,East Atlanta,for someone who hasn't watched star war movie but seen all the series am i going to be lost with this one,2023-02-12,negative
Ugz2D3sfQm0NNRyPXvR4AaABAg,Star Wars Episode I: The Phantom Menace - Trailer,Natalie Portman Fan,i love the phantom menace attack of the clone and revenge of the sith so much,2022-10-23,negative
UgxdW_MiZDVJoT6wGBl4AaABAg,Andor | Official Trailer | Disney+,SP4XQS,i wa born and spent my youth in the totalitarian country of the warsaw pact you don't even know how well the creator of andor gave the spirit of a totalitarian state there is both the kgb and the gulag there is fear for loved one and exploitation of the worker beyond their strength when i watched it i felt like i wa transported not to the future but to the past you don't even know how scary life is in the evil empire i am surprised that someone in the u could understand this enslavement so well,2023-03-24,negative
UgwpXgX7UFhu7dahNGl4AaABAg,Star Wars Eclipse – Official Cinematic Reveal Trailer,Jerry Garce,why don't they do film like that instead of the show they do seriously,2023-04-14,positive
UgxSfAmnDhu5DsDKy8t4AaABAg,Star Wars Episode I: The Phantom Menace - Trailer,ronki23,great film i'd go a far a putting it in my top star war movie after a new hope and empire strike back,2022-12-09,positive
UgwtgnFs52j6kfUMmpV4AaABAg,Andor | Official Trailer | Disney+,Wackaz,ah wow seems my prediction my observation that optimism and faith all paid off and at that i hope your trust in me wa fulfilled my friend i love to say i told you so watching my comment age like fine make me so happy i'm laughing at those who doubted me right now but also happy they've been proven wrong for the sake of all of u god bless gilroy and everyone else behind this masterpiece,2022-12-03,positive
UgyuRBbUlarKC-MTRIh4AaABAg,Andor | Official Trailer | Disney+,king sufi,haven't watch but tear co we know what fate ahead for him tt arghhhhhttt,2023-04-14,neutral
UgxgzQT6vjh3zHU_vIB4AaABAg,Andor | Official Trailer | Disney+,enginepy,finally a good star war show that look and feel like star war with the right feel and all it a slow burn but im genuinely surprised and pleased,2023-02-03,positive
UgzZn3FiibzzvABjLnR4AaABAg,Andor | Official Trailer | Disney+,R S,honestly i watched the whole first season of andor and found it to be extremely boring especially if i compare it to the mandalorian the book of boba fett episode which are brilliant,2023-02-27,positive
Ugxbp-Ai9OYHNjH01P54AaABAg,Andor | Official Trailer | Disney+,The Red Galleon,this is star war for adult and i'm all here for it high stake drama with technical dialogue that doesn't spell thing out for you i appreciate this bold take on star war a lot more than mandalorian,2022-09-25,negative
UgwTUWluAwgtrn8Yhrp4AaABAg,Star Wars Eclipse – Official Cinematic Reveal Trailer,gothard5,wa that nute gunray the separatist viceroy from phantom menace,2023-04-25,negative
UgzC6SHJWjLiYHnnHCB4AaABAg,Star Wars Episode I: The Phantom Menace - Trailer,Leonardo Yramm,i definitely remember this trailer back in the day me and my parent and sibling were watching tv the channel entertainment tonight announced that they would show the trailer and we waited my god it wa amazing me and my sibling were so excited to see for the first time the trailer for a saga that we loved from the first time (episodes and were movie that we watched a lot of times),2023-04-13,positive
Ugz8gqUc7xRSgkxxED94AaABAg,Andor | Official Trailer | Disney+,Alfred Waldo,this show had no right to be this good let alone a masterpiece,2023-04-08,positive
UgyRNwcX5fJ6f8z2f4F4AaABAg,Andor | Official Trailer | Disney+,Prayash Mudi,i would say this is the best star war period not for the kid though,2023-01-25,positive
UgyNNBmKTeJ8pGxKhQ54AaABAg,Andor | Official Trailer | Disney+,Jessie Donner,by far the best thing to come out of sw franchise finally something sw that isn't still stuck in the s/s no more silly one liner overly dramatic music and obnoxious side kick i hope this continues,2022-11-25,positive
UgyWv98fQwPT-_Th_n54AaABAg,Andor | Official Trailer | Disney+,nada problem,it's amazing you let something this good even be made disney and wow it isn't woke either unfortunately the garbage heap of disaster you've made (besides the mandalorian a well) have produced no initial interest of this series thank you for renewing it for a second season though you're listening even though it's the smallest voice of the actual fanbase who love star war someone heard kathleen must not have gotten her skeletal hand in this series there might be a god after all oh wait jedi baby is a thing now nvm,2023-01-08,positive
UgwqkuY8R7Ao_m2I4Jp4AaABAg,Ahsoka | Teaser Trailer | Disney+,Bradley S,if we don't get force ghost anakin this time around i'm throwing fist hayden is in the cast we've seen enough flashback now it's time for a reunion and see him beg for forgiveness,2023-04-26,positive
UgyfAUfWx-BtD2vnE8l4AaABAg,Andor | Official Trailer | Disney+,Sir Pantsaloot,love that rsm(really slow motion they make music) got into this trailer,2023-02-18,positive
UgwpCRcafsWt5n9_sJB4AaABAg,Andor | Official Trailer | Disney+,JM del Toro,rooting for andor and diego luna to win at the critic's choice award congrats on the nomination,2022-12-06,positive
Ugyk4v5C7xxnWgXztkl4AaABAg,Ahsoka | Teaser Trailer | Disney+,LP,ahsoka obi wan are at this point the mvp of the whole star war saga luke who,2023-04-23,negative
UgwKus14A0asK-4XoPZ4AaABAg,Andor | Official Trailer | Disney+,World Wide.,this series is better than all other starwars seriesand the new movie a well to keep the feeling along with rougue one wa a fantastic feeling thank you to the original director to keep what i see is whatmr lucas wouldlike to see keep going mabey have director ben and susanna of andor and gareth of rogue one team up for a good one just a thought,2022-09-24,positive
Ugw2WgBfwgp9f2pgJ_F4AaABAg,Andor | Official Trailer | Disney+,The Dark Knight,episode wa spectacular each episode get better and get better i cant imagine how great the last episode are going to be,2022-11-14,positive
UgyB2it14yJXR_03My54AaABAg,Andor | Official Trailer | Disney+,Mark Gurney,may the rebal force be with u for country people tight budget that they release this important critical series on dvd bless it be,2023-01-22,positive
UgzZP7dKbYAsmLCiJ_d4AaABAg,Star Wars Eclipse – Official Cinematic Reveal Trailer,Rogue HeavenX,wow thats a stunning trailer hard to tell difference between cgi and reality,2023-04-22,positive
UgzU_nAd8WYKbTTlgzp4AaABAg,Andor | Official Trailer | Disney+,Maxx Pipette,it's depressing that the best star war ever made since the original trilogy just flew under most people's radar,2023-01-21,neutral
Ugyb49__v8RTTV2I7o14AaABAg,Star Wars Episode I: The Phantom Menace - Trailer,Big Pharma Sports,the sound design at the end of both phantom menace trailer is just so perfect the sound of those blaster cannon is so epic a they echo at the end of the trailer,2022-07-21,positive
UgxSyQlbTZJYbvWk43R4AaABAg,Star Wars: The Rise of Skywalker | Final Trailer,MrBreakdownBoy,i hate ryan johnson and kathleen kennedy for what they did to this series we can see what amazing storytelling can happen with director like john favreau we can only imagine how this series would have turned out if the episode wa directed by someone who respected the saga's path,2023-04-23,positive
Ugw67TmSSB6FwkaTxal4AaABAg,Andor | Official Trailer | Disney+,Satguy,i don't know how i feel about this show because the audio is so low on episode it's virtually impossible to hear it i have no other problem on any other show that disney's put out except this one why disney,2022-10-04,negative
UgyyCJSEbvVqwPQIpzh4AaABAg,Star Wars Episode I: The Phantom Menace - Trailer,Erech,i used to ask my parent to rent episode i- iii but they didn't exist yet at that time i wanted to know who and what darth vader wa if you only knew the hype when episode i wa announced i wa about to start high school back then the full story of anakin's downfall at last wa about to be reveal after a very long time,2023-01-05,neutral
UgzJgYnOV8_MYsJYf3Z4AaABAg,Star Wars: The Rise of Skywalker | Final Trailer,YRP Audit,honestly can hollywood stop pandering to female only lol it's getting quite ridic,2023-04-24,positive
UgySejowJ5Cg89oj6yp4AaABAg,Andor | Official Trailer | Disney+,OA,i tried so hard to like this series a i'm a massive fan of cassian from rogue one (amazing film) couldn't get passed the second episode of andor this trailer make it look really amazing so maybe i should get it a second try the mandalorian wa hard to stick with but i saw it through i couldn't do the same with this bobba fret or any of the other spin offs until they make something with more heart i'm out too much stylized b with meaningless melodrama to fill episode,2023-02-01,negative
Ugye46yUxZ0gMCcIC7h4AaABAg,Ahsoka | Teaser Trailer | Disney+,Josh Math,yo it the thing from the rebel that tower outside the city thing,2023-04-24,negative
Ugzf9B6sv_bnn2mS4g54AaABAg,Ahsoka | Teaser Trailer | Disney+,Alexandre Lot,my theory is that the rogue wolf are old dark jedi from the eternal empire from the old republic it may sound crazy but we must remember that in jedi survivor they will bring a jedi from the high republic that wa kept in stasis and that we know that the world between world bridge past present and future,2023-04-25,positive
UgwyxWq0zeyrg4S8HUF4AaABAg,Andor | Official Trailer | Disney+,Evan the awesome,andor is boring it ha zero action and mando is so much better then andor and the trailer made it cool but it is not,2023-04-02,positive
Ugz-OAGQBloBzPxfXH54AaABAg,Ahsoka | Teaser Trailer | Disney+,PKMN Trainer Mark,i just spent a week rewatching rebel for this and i am so looking forward to the continuation of that story so great seeing this stuff in live action,2023-04-26,positive
UgzhrNrF7clYUq7jBRh4AaABAg,Star Wars Episode I: The Phantom Menace - Trailer,ethan orange,an internet wit writes: i wa just wondering given the how commonly remarked upon that slave master father child on female slave it is very possible that that flying elephant creature wa anikan's father,2023-02-06,neutral
UgxzAwzZbaw0OS5Ba9h4AaABAg,Andor | Official Trailer | Disney+,Rea Mkhize,this is the word i meant to say exhilarating exhilaratingexhilarating,2023-03-06,positive
UgxpC1URn0Ltg7qGFbp4AaABAg,Andor | Official Trailer | Disney+,Red X,they really had the nerve to release this incredible series then give u the pure mediocrity that wa mando s,2023-04-22,negative
Ugzgp_tJWCxNFZwvtwZ4AaABAg,Andor | Official Trailer | Disney+,Mariokartpro,they should honesty just cancel the second season so they can make four more,2023-01-23,positive
UgwY8QXQeV_5PmezKPZ4AaABAg,Star Wars: The Rise of Skywalker | Final Trailer,Allia Arias,i don't care if the trailer wa good they ruined the story my name is rey skywalker what the this movie including the other two were the most disappointing film in history i hope in the future they fix their problem and never have j j abrams direct in a star war film again,2023-01-24,negative
UgwcG9DTEOorM-COqTZ4AaABAg,Andor | Official Trailer | Disney+,JarheadJah,one of the best show i ever seen i cannot believe this is star war with the exception of two episode maybe each one is like a mini movie i am not even joking a must watch,2023-03-10,positive
Ugwrh3BJLoYRkCbRtIN4AaABAg,Andor | Official Trailer | Disney+,Cadmus,say what you will about andor versus the other show itll undoubtedly have far greater staying power (particularly if s is a good) i can see people rewatching it in twenty year cant really say the same for kenobi/bobf it like the d of star war,2023-04-08,neutral
UgwOrVWmvSzZB_M06Ad4AaABAg,Star Wars Eclipse – Official Cinematic Reveal Trailer,sebastien Haimet,clearly they missed the psa about looking directly into the eclipse,2023-04-15,positive
Ugxri2g6d00-5nlhwsN4AaABAg,Andor | Official Trailer | Disney+,Walang Account,no wonder it's good it's created by the folk who created rogue one,2023-03-23,positive
UgwzxVLvuYX2FpaBiB54AaABAg,Andor | Official Trailer | Disney+,Derpy Entertainment,the best project disney ha put out besides rogue one mando is close nd and rd,2023-03-20,positive
UgyYR8lkujkQR8u8XTV4AaABAg,Star Wars: The Rise of Skywalker | Final Trailer,Bart,so what's the deal did they use samuel music did he provide it or made his own rendition of it,2023-02-13,neutral
UgxuJXaUkqBTREx0jtZ4AaABAg,Star Wars Episode I: The Phantom Menace - Trailer,Stud Clone,this is an epic movie george making it real/my dream real im fan since i wa i think i grow up with it it so cool,2022-10-07,positive
Ugxt12kuWhhSdhuIydJ4AaABAg,Andor | Official Trailer | Disney+,Felix Schach,the best piece of star war medium produced by disney until now,2023-03-10,positive
Ugxpnt2zBN4__CGuzB54AaABAg,Star Wars: The Rise of Skywalker | Final Trailer,Valentin Brunet,the music of the trailer is amazing the movie itself on the other hand is insultingly bad,2023-01-02,positive
UgxWiZV924Otpc2ZMYh4AaABAg,Andor | Official Trailer | Disney+,Strider,from the creator of rogue one well that make sense whoever is the team behind these need to do more,2023-01-29,positive
UgxKcQInwwA5_4FlpFZ4AaABAg,Andor | Official Trailer | Disney+,Mark Gurney,i pray and deeply hope they whom ever release this on dvd i pray to the god for if streamed only we on pension and in the country can not stream we do not have internet understand this for whom ever bos company's high ups we can not get internet you will make more money by releasing this extremely important part of thee star war so please give u a releasing date is that so hard but please release this on dvd please you will huge profit make more money by doing so so i beg you of you out there in the star war clubsfans fanatic please let's gaver across and get these rich rich people something to releasing a e this thank you oh please,2023-01-21,positive
UgxvA6DYdX4EuYCk4OZ4AaABAg,Andor | Official Trailer | Disney+,Freund2300,it tell you something when you see this and think: this would interest me so much more if it wa not affiliated to star war,2023-01-20,negative
Ugyn-kCPhxXfhcxGV094AaABAg,Andor | Official Trailer | Disney+,Todd Salisbury,this is a show that star war fan will love not for flash and sparkle but for the true stake the original trilogy gave u this is a series about what rebellion really cost against the true monolith of the empire if you liked rogue one but hated everything star war since come back for this one you won't regret it,2023-02-18,positive
UgwjosMOfTIZ7kPxJEZ4AaABAg,Andor | Official Trailer | Disney+,Arnant Phongsatha,andor looking like he's about to start a cartel with some of the empire's most powerful men,2023-04-25,positive
UgyEa1ucDzcoiq4ILyh4AaABAg,Andor | Official Trailer | Disney+,Samin399,after watching episode this series should get an oscar this is the way,2022-10-12,neutral
UgwWK_NfH11nslUKIBx4AaABAg,Star Wars Episode I: The Phantom Menace - Trailer,MagicMaster667,anakin skywalker meet obi-wan kenobi that line still stand a one of the best in a trailer ever,2022-08-28,positive
UgzES8xzEPYAZJ8PWRB4AaABAg,Ahsoka | Teaser Trailer | Disney+,Ayush Srivastava,if thrawn survived this ezra had survived too so that he mean by saying trust me sabine wow it wa teasr to asoka and ezra return excited to see rebel back together including zeeb and ezera missing kanan,2023-04-23,positive
Ugzrqg3pba7m26WTlOV4AaABAg,Ahsoka | Teaser Trailer | Disney+,gothard5,i cannot wait this show is gonna be awesome just like every star war show so far except for andor,2023-04-22,positive
UgxOuzFMvTdMfbJqcPJ4AaABAg,Andor | Official Trailer | Disney+,Tutu Jazz,diego luna is a spanish/warner/ mexican we fight to the end for freedom viva mexico,2023-02-22,positive
UgwVDyhdEF7FbkYIhdN4AaABAg,Star Wars Episode I: The Phantom Menace - Trailer,COOL STORY BRO,these prequels will be better than all the avatar sequel combined hand down when enough time ha passed,2023-02-01,positive
UgzcHaw6sTX81hdv-4h4AaABAg,Ahsoka | Teaser Trailer | Disney+,Joseph Pasquarella,cool concept but i expect they will disney this up just like the other show,2023-04-25,positive
UgyIWze8YkNKVJUkaG54AaABAg,Ahsoka | Teaser Trailer | Disney+,Cassian andor,disney will ruin it like they have all their other show (aside from andor),2023-04-25,negative
UgxP8m7e0XU6xrjWP2l4AaABAg,Star Wars Eclipse – Official Cinematic Reveal Trailer,Richard Kelley,suzuka im going to build you the first galactic empire prepare to reign for year love you your husband emperor richard kelley,2023-04-14,positive
Ugw4bUwwveh4I0ZANB14AaABAg,Ahsoka | Teaser Trailer | Disney+,Jamesthestupi,fan of the novel do you think the man with the red lightsaber is cbaoth or however it spelled,2023-04-25,positive
Ugw3F7sMQ6W5IiwbAsN4AaABAg,Ahsoka | Teaser Trailer | Disney+,Scorch1028,it's interesting that none of the jedi in the new ahsoka series are around in the sequel movie,2023-04-23,positive
Ugyu3S18JFaa9tXrpet4AaABAg,Star Wars Eclipse – Official Cinematic Reveal Trailer,adam ford,all we need is a open world star war game no open space star war game with planet,2023-04-16,negative
UgyXXAuyyIpBs_GdltZ4AaABAg,Ahsoka | Teaser Trailer | Disney+,Sa Ra Wyatt,ahsoka is the last hope for star war if it wasnt for her show i would be canceling disney,2023-04-26,negative
UgyRBBMSlSOSnDKDM794AaABAg,Andor | Official Trailer | Disney+,Mystic Knight,omg is this show boring didnt even make it past episode every first episode of any show ha to have something to make the viewer want to watch more and this ha nothing,2022-09-23,positive
UgyFigfVvXYY-H2PfXh4AaABAg,Star Wars Episode I: The Phantom Menace - Trailer,SurferGuy,i remember when i wa year old how much they billed up and advertised the phantom menace it wa everywhere,2023-03-31,negative
UgwipUg9UdVDmgI1X-V4AaABAg,Andor | Official Trailer | Disney+,Mai Nem,a terrible trailer (actually it's very good) because the show is incredible most trailer show you all of the good bit trying to convince you that the whole show is like that for this one the whole show is like that my new star war rankings: andor (a shocking achievement for a franchise that wa descending into bad spin-offs) a new hope rogue one the empire strike back the force awakens return of the jedi solo revenge of the sith attack of the clone the last jedi rise of skywalker the phantom menace caravan of courage i haven't watched anything else nor will i because this is the only star war i want to watch from now on proper star war the real star war,2023-02-03,negative
UgxUEdU_oBAkVCyrIKl4AaABAg,Andor | Official Trailer | Disney+,mr. B,why is this show sooooooo boring episode in and it just blah blah blah and before all you real fan tell me oh you just find it boring because there isnt a much lightsabers or laser blah blah blah no i find it boring because it the plot doe not move along like it should and the show is sooo low energy it insanely unnecessary they advertise it a a spy thriller but it just a bland soap opera heck a space odyssey is rewatchable compared to this,2022-10-05,negative
UgzwnFiPAeLoLa24_pB4AaABAg,Ahsoka | Teaser Trailer | Disney+,BettleyBMX,i gotta say im very surprised i havent seen anyone mention how insane baylans orange lightsaber is i think it may be the prettiest lightsaber ive ever seen,2023-04-27,positive
UgxyITPw8tM_6ezFO4J4AaABAg,Ahsoka | Teaser Trailer | Disney+,Slayr,she look great a the older version of ashoka how far after the clone war doe this take place,2023-04-24,positive
UgwRu7kNzZssWGBxlVp4AaABAg,Ahsoka | Teaser Trailer | Disney+,anon,skoll and hati will be the redeeming point of this show for me ahsokas actress is just so lifeless/soulless compared to who she wa in cws gonna be another show i have to watch to be caught up and thats pretty much all theyre making now,2023-04-24,positive
Ugw5_wbCcx4OMnl1qwt4AaABAg,Ahsoka | Teaser Trailer | Disney+,Robbert van Tilburg,john is gone so am i then it wasnt great but it wa well intended season mandalorian ha kk all over it big mistake im done he wa my only hope,2023-04-25,positive
Ugwn01sn1VADYK1hwzl4AaABAg,Star Wars Episode I: The Phantom Menace - Trailer,Thermalburn,i watched the ot about time when i wa a kid i wa year old when my mom took me to see this movie; she got me snack a soda and popcorn then afterwards we went to toy r' u and she let me buy a toy; which obviously ended up being a star war toy we didnt have a lot of money growing up so the fact that she took me on this little bonding day is so much more poignant to me looking back a an adult that wa such an amazing day that i got to spend with my mom i have so much nostalgia for this movie regardless of what it quality might be,2023-04-07,positive
Ugy0LJ7AaUb4SmKlfNl4AaABAg,Andor | Official Trailer | Disney+,queen bee,so now i know where they cast of got went they're here on this show,2022-10-24,neutral
Ugww3_OyZSwsd72MrR14AaABAg,Andor | Official Trailer | Disney+,Ott One,and i'm just saying you can be like the battlefield because we can do black card you find in diverse market they'll just be attachment for your gun yeah i know it's pretty heavy slot for that huh that's what i say but you know conceptual i hate voice to text,2022-09-29,negative
UgyZJ3nxSI3Bj9moyGx4AaABAg,Andor | Official Trailer | Disney+,Ic'eom'Istar,this show wa very good i think they should make more show in this era,2023-03-01,positive
Ugw4nFc2U3WhVImdhFd4AaABAg,Star Wars Episode I: The Phantom Menace - Trailer,JP Gaming29,i wasnt born when the ogs came to theater but to say that i got to experience all the prequels in theater will be something i will hold dearly to all my life that go the same for the sequel and seeing them all in theater with my son he can say he saw them when he get older nothing better then being a star war fan life,2022-12-19,negative
UgyVgQoFeZ9aeVGwy2N4AaABAg,Star Wars Eclipse – Official Cinematic Reveal Trailer,Bink,forget all these single player game we need a reboot of the star war mmo need something new and fresh and that can adapt while it age through the year because what we got is pretty embarrassing,2023-04-14,negative
Ugz0On1Gnadc02hI4L54AaABAg,Star Wars: The Rise of Skywalker | Final Trailer,Imperial_Garrison_UK,i really enjoyed this version of the main theme what track name is it on the ost,2023-04-15,positive
UgxW1pD3pqYlgVG8sNR4AaABAg,Star Wars Eclipse – Official Cinematic Reveal Trailer,3D20 Gaming,is this a movie a tv show or a game might help to let u know,2023-04-19,positive
UgyClCm3yJ9fwq24Jdt4AaABAg,Star Wars Eclipse – Official Cinematic Reveal Trailer,Jupiter4,is this game playing elden ring cause i don't think it's working that well,2023-04-16,positive
UgyhVr_o0FrKBjC6wmh4AaABAg,Ahsoka | Teaser Trailer | Disney+,Cassian andor,spoiler: ashoka win along with all the other female character,2023-04-25,positive
UgxNjhFxc6kFHxOm9Rd4AaABAg,Ahsoka | Teaser Trailer | Disney+,Jake W,if they make thrown look like a dumbest i'm giving up on starwars he is latterly the most intelligent person in all of starwars,2023-04-23,positive
Ugxx-TZYp_-P9-sf9ul4AaABAg,Ahsoka | Teaser Trailer | Disney+,BananaBerry,personally i don't really know ashoka that well i remember seeing only couple star war film i loved sequel trilogy tough first movie were so boring i tried to watch original movie but they were so boring mandalorian wa good but why i'm interested of this new ashoka film/series whatever this is- there is my beloved sabine she wa my favorite character in star war rebel and i liked that too maybe first star war movie were so boring cuz they had only male cast yeah sabine and ray must be my all-time favs st character i just love good female representation thats all :),2023-04-26,positive
UgxAJKTtb_BzFh2CmKZ4AaABAg,Star Wars: The Rise of Skywalker | Final Trailer,Bob Mcdougall,i finally watched this today like ep i didn't even last half way through utter tripe,2023-04-05,positive
Ugyq0S_NQb4dTugy0xd4AaABAg,Ahsoka | Teaser Trailer | Disney+,Rumpel Stilzchen,i hope we can see kanan in a flashback or something still my favourite character,2023-04-24,positive
UgzfQ5O9UnmhceoFhRt4AaABAg,Andor | Official Trailer | Disney+,Kyzen Del Aguia,disney you are aware the bourne legacy is the least remembered out of the whole bourne franchise,2022-11-13,neutral
UgynRptrol20oDZ74lV4AaABAg,Andor | Official Trailer | Disney+,Arshan,war grind the humanity autocracy grind the soul this is what star war message wa about,2023-04-06,negative
UgzG-e5hboanWSbxuAB4AaABAg,Andor | Official Trailer | Disney+,Dave Harrenburg,definitely the weakest of the trailer the music used for the first half is way too overused at this point with the music in the second half being too quiet and not very exciting for a trailer also some of the choice for dialogue are rather misleading (main culprit being at what cost everything) overall just make the show look a bit bland imo and it doesn't help that the other trailer are so great,2022-12-16,negative
UgwZlZls9f26e2ZA9wV4AaABAg,Andor | Official Trailer | Disney+,Sofie Shtn,really good series much better than boba fett which wa just hilarious,2023-02-18,positive
UgyiwCn_OGpchW9Sgvp4AaABAg,Star Wars Eclipse – Official Cinematic Reveal Trailer,Gerard Ompad,imagine a mon calamri elder staring at the camera and softly whispering the word gather the force the sith ha returned,2023-04-17,positive
UgyfRk2Au_v3JVw0RjF4AaABAg,Ahsoka | Teaser Trailer | Disney+,Gabriel –,wait im confused doe this take place after mandalorian or like before andor s idk when rebel ending timeline fit into this,2023-04-24,positive
Ugxswq3AkD9a1vk52AR4AaABAg,Andor | Official Trailer | Disney+,Tallborn Stev,please let the gilroy brother do more star war content they are too good,2023-03-09,neutral
UgwxeFfWd3RuSk0YoWp4AaABAg,Ahsoka | Teaser Trailer | Disney+,Conspiracy Theory,hopefully we atleast get a pic of kanan or even a force ghost,2023-04-24,positive
Ugw2oxcszjEIH92Omcd4AaABAg,Andor | Official Trailer | Disney+,JK,overall two points--- he would never have known the guy wa there to kill him at the end him guessing that and telling leuthen in the ship wa nonsense they tried to make the blonde girl look athletic a she wa running toward the bombing site in ep but she just looked really slow like forty yard dash time fail,2022-12-28,negative
UgyETt9Q3y2L6Q2M34p4AaABAg,Star Wars Episode I: The Phantom Menace - Trailer,Dave Cody,i really looked forward to the first prequel wow wa i disappointed with the result,2023-01-31,positive
Ugxw-qDA3V53liKBf1J4AaABAg,Andor | Official Trailer | Disney+,Chris B,how did you guy feel about the first episode i think ep started slowlyyy but by ep thing picked up and the series is going good so far,2022-09-26,positive
UgxTp9RBli9YMKOoWFV4AaABAg,Star Wars: The Rise of Skywalker | Final Trailer,krugg27,such a shame that this movie turned out to be not anywhere near a amazing a this trailer not even close such wasted potential,2023-02-10,negative
UgyMoXcBcxki8zdNU0l4AaABAg,Andor | Official Trailer | Disney+,HaixenGamer,this show is okay i still prefer obi-wan kenobi book of boba fett and the mandolorion,2022-09-26,positive
UgzthE1sQK8v5j_bXzZ4AaABAg,Star Wars Episode I: The Phantom Menace - Trailer,James,i wa in th grade when i saw this in the theater and even then thought it wa mediocre but now in id kill for something like this instead of the sewage that is the sequel trilogy and whatever the hell else that's come out,2022-11-21,negative
Ugzuw9GaCtbfo0brTQp4AaABAg,Andor | Official Trailer | Disney+,Inked Guy,watching original star war still beat this even with all of today technology talk about bad acting bad make-up bad actor bad script no one in original star war wa british whats with all the british accent suddenly such random dialogue a if they just talking to fill up the minute episode small detail like the kid cassians shoe how can he have perfectly stitched shoe if everything on that plant wa handmade,2023-02-14,negative
UgxDLX-gO5LfP5ToG6t4AaABAg,Andor | Official Trailer | Disney+,cmg2006,the best series of the year and first good one of disney at last,2022-12-12,positive
UgzY2sGDQ-ggtUPGlmZ4AaABAg,Star Wars: The Rise of Skywalker | Final Trailer,master chief you mind telling me what your doing,you take all these shortcut what sick joke and they get to by a film franchise owner,2023-02-07,negative
UgyKfGCJZYCUtkfjWHp4AaABAg,Star Wars Episode I: The Phantom Menace - Trailer,Brian izarnotegui,this is my favorite next to the empire strike back this movie ha the best soundtrack in the whole star war saga a masterpiece,2022-08-01,positive
UgzdfLfWcWNCc-cC7CN4AaABAg,Andor | Official Trailer | Disney+,David Loudon,half a year after the actual show ha come out- but the fact there the tie fighter klaxon mixed into the last few impact note is chilling,2023-03-25,positive
UgycfwI0PxJKGTxbn294AaABAg,Andor | Official Trailer | Disney+,Bob Marley,a planet full of prison not a single alien the empire imprisons it own kind,2022-10-27,neutral
UgxBnrnkBSFxICfoBSh4AaABAg,Andor | Official Trailer | Disney+,Rafael,one of the rare rare instance in which the show is even better than it main trailer which is also pretty good,2023-03-05,positive
UgyLiv_1GXbL3v39n5h4AaABAg,Star Wars: The Rise of Skywalker | Final Trailer,Dropdead,hopefully daisy can redeem herself with a better script shes an amazing actress but they did her dirty the damage is already done but well see what happens,2023-04-15,negative
UgzpgQkUAcR9cTkFpBh4AaABAg,Andor | Official Trailer | Disney+,shahin gasemnejad,a show that doesn't sacrifice good writing for the sake of diversityit actually implement both beautifully,2023-02-24,positive
Ugygay4WWzCSTugH9Bx4AaABAg,Star Wars Episode I: The Phantom Menace - Trailer,LordVader89,i remember watching this in trailer in the theater when i wa year old everyone erupted into applause when anakin is introduced to obi-wan,2022-07-27,positive
UgzOVnGWkrl87hKdZdV4AaABAg,Andor | Official Trailer | Disney+,Imsodone,yeah yeah great plot and intense where are the light saber where's the jedi the mandalorian made me wait two season for the jedi to step to scene,2022-09-25,positive
Ugxs05VPbRSRkT9RP-Z4AaABAg,Andor | Official Trailer | Disney+,Ott One,the thing with the balance and the old day not being about feeding slave cuz it will ramp up and what i wa saying what i'm saying is it be good not to show it in country it's people pretending to be the mafia within the police department we have slave now the un is not so well,2022-09-29,positive
Ugwpi6pok-YCUND5HxV4AaABAg,Andor | Official Trailer | Disney+,lentokone toveriturbiini,i would love to see the rebel being a borderline terrorist organization more than the army of good people that we have seen it to be since the first movie i hope that disney would let the star war be more than a pg- universe,2022-09-25,negative
UgzgwB5ln7Eu7I2EWIF4AaABAg,Andor | Official Trailer | Disney+,Vincent Valentine,all siege mode ground war in act law one photo necessary two if most if rooof of home person is able to fly out of home,2023-03-07,negative
UgwDcQaGs9lxaGRLSiN4AaABAg,Star Wars Eclipse – Official Cinematic Reveal Trailer,BakedStreet YT,that trailer suck if it made to advertise a game it only good if it announce a show or a movie lol game in this trailer,2023-04-17,positive
UgyIo13NKK0b2dadNx54AaABAg,Andor | Official Trailer | Disney+,Noneof Yourbusiness,what an epic shitshow worst of the genre ever fire those writer,2022-10-03,negative
UgztffHyrHTsnvRLP2N4AaABAg,Ahsoka | Teaser Trailer | Disney+,bardika1,y'all better not mess this up hint stop spitting on ot and the eu maybe then i'd subscribe kk gone yet i keep asking,2023-04-22,positive
UgwU1sRPshGUaGPhUQV4AaABAg,Andor | Official Trailer | Disney+,JM del Toro,excellent pace for master class story telling that really build suspense can barely contain my anticipation for the next episode it's going to be,2022-10-09,positive
Ugxli9gMABBKIVEdMxN4AaABAg,Star Wars Episode I: The Phantom Menace - Trailer,GreenLightMe,oddly enough this wa first trailer without a voice over since dr strangelove in,2022-12-30,neutral
UgxYkLcT8tVigEJpJDV4AaABAg,Star Wars: The Rise of Skywalker | Final Trailer,Mary Duarte,for every star war fan it would be cool if they could have made original film into game and have them on dvd the original trailgy from the way they should have been made because the fan are getting tired of them in special edition when they say original version and they start to watching them and it's the special edition one i wish they could have both version one from original and special edition on dvd my son ha been looking for the original version fullscreen he bought special edition on dvd and thought one of them would be original with original trilogy with original cover boxset please have version on dvd and special edition on dvd so the fan can pick which one they mostly want to see more of maybe both version thanks,2023-03-20,positive
UgzLdo56uF-i0wmbmyB4AaABAg,Andor | Official Trailer | Disney+,MECO1,people can moan about the pace all they like but this is the only star war show that i am genuinely looking forward to each week,2022-10-09,negative
UgysTR-Sx1QU4PG9i8l4AaABAg,Ahsoka | Teaser Trailer | Disney+,Santiago Altamirano,i only hope we can see sugi and embo from clone war i mean aftermath show they are alive in that time and half of the cast are character from animated show so,2023-04-26,positive
UgxRsGSMoRTfZb5qoBN4AaABAg,Star Wars Episode I: The Phantom Menace - Trailer,swedishpsycho1,i wa just a kid when this came out but lemme tell you something; you thought the hype for the force awakens wa high the hype for this movie wa tenfold not kidding this movie wa freaking everywhere,2023-01-25,negative
UgyA7D_7egql2kMh29h4AaABAg,Andor | Official Trailer | Disney+,Lex Luthor,im honestly glad i never watched any trailer made the series that much better,2023-01-04,positive
UgwNnvOo00FlzMmS2ll4AaABAg,Andor | Official Trailer | Disney+,HARM0N1C,how am i just now seeing this trailer for the first time after seeing all of the first season such a great show and this is a great trailer,2023-03-04,positive
Ugx6Jp0dm8-M3qfiMAx4AaABAg,Andor | Official Trailer | Disney+,Hideo Toshiba,it is so bad poorly written poorly acted and poorly made you can pay and manipulate people for rating but the number don't lie flop,2022-10-04,neutral
UgxW0W1GDrX4aP21NdR4AaABAg,Andor | Official Trailer | Disney+,Ott One,power up your delorean get out your flex capacity it's gonna be turned turn i gotta say t delorean,2023-01-26,neutral
UgxqoqqQmrTLwfll0UJ4AaABAg,Ahsoka | Teaser Trailer | Disney+,Gabriel kinsel,my favorite character just got more cool i grew older and so did ahsoka i cant wait for this journey,2023-04-25,positive
UgxIFd4H0zwKRk6uK114AaABAg,Andor | Official Trailer | Disney+,Roger Melly,over the past few week we have had a marvel show a star war show and show based on lord of the ring and i have not bothered to watch any of them ten year ago that would have seemed unimaginable to me,2022-10-23,neutral
Ugy6NlB5_cE61TCO1qx4AaABAg,Star Wars Episode I: The Phantom Menace - Trailer,zufgh,people often forget that the initial response to this film wa very positive from both fan and critic online and then for some reason about a year later or thereabouts people just kind of soured on it pretty fast me personally i've always loved it my favourite of the prequels,2022-12-21,positive
UgyWVjUuFykdTaDuY554AaABAg,Ahsoka | Teaser Trailer | Disney+,Grant Newlands,thrawn is my all time favourite sw character they better not ruin him ha i hope that timothy zahn wa a direct contributer to this series,2023-04-24,positive
Ugzusky2-8BsUk_eSph4AaABAg,Star Wars Episode I: The Phantom Menace - Trailer,Battle Born,gonna start my rewatch of the entire franchise soon in chronological order starting with this one,2023-03-24,neutral
UgyFFQnj77eRJc-faa14AaABAg,Andor | Official Trailer | Disney+,K Dawg,i thought the mandalorian wa good but andor just take it to another level cant wait for season,2023-02-26,positive
Ugz0QWRvW7ejFpjJURB4AaABAg,Ahsoka | Teaser Trailer | Disney+,Mike Bravo,i love asokas character but rosario dawson ha been lackluster with it imo,2023-04-23,positive
Ugx1S0KZzOkZaXdQyYF4AaABAg,Star Wars Eclipse – Official Cinematic Reveal Trailer,whenisgamora,great to see new starwars videogame content i have loved playing detroit become human by quantic dream so pi dont expect this to disappiont,2023-04-23,positive
Ugx6zaf6OuXvMTahOLV4AaABAg,Ahsoka | Teaser Trailer | Disney+,Pe Vo,ive been hoping for an ashoka movie for so long i kinda gave up and now that ive seen the trailer the first thing i noticed is that in every scene but one ashoka is not holding her sabre using her trademark reverse grip shes holding them like everyone else doe and to me that just reek of what im going to assume is huge lack of attention to detail on disney part which i have to believe is going to be indicative of the whole show i hope im wrong i really i hope im wrong,2023-04-23,negative
UgwNGmfIPjgaReOHAaN4AaABAg,Star Wars Episode I: The Phantom Menace - Trailer,MissDoubleNegative,it is nearly and i am getting a serious endorphin rush remembering when i saw this movie's trailer for the first time completely unexpectedly after so many year of waiting and then you suddenly see lucasfilm splashed across the screen infront of you i cannot for the life of me remember what movie we were actually there to watch but i do remember that the entire theatre wa completely silent and then came the thunderous applause,2022-12-27,positive
UgyMKrR6xKqP0rKepGh4AaABAg,Star Wars: The Rise of Skywalker | Final Trailer,Primal Elf1521,it could have been a brilliant finale but they ended up screwing it up,2023-04-25,neutral
UgwSwneUH0W-nuARuHF4AaABAg,Star Wars Episode I: The Phantom Menace - Trailer,Mattress King of Nightmares,i really like this anakin kid actor hope he doesnt lead the police on a high speed chase later in his life,2022-08-02,positive
UgysLNDJFFkFDjXvZQJ4AaABAg,Star Wars Eclipse – Official Cinematic Reveal Trailer,Wiggletoe,how is ha it been month already and were probably still year away from it,2023-04-15,positive
UgzqmJGBVdC-6Rt3CFV4AaABAg,Andor | Official Trailer | Disney+,David Hunter,watching this again today give me retroactive chill what an absolutely superb and frankly perfect show we got if this is a good a it get for sw fan ill gladly take it i dont see anyone else making anything even close to this until season come out it mind boggling we actually got something this well made,2023-03-28,positive
Ugzk7rL4tZ9NqQ1DBPt4AaABAg,Star Wars Episode I: The Phantom Menace - Trailer,friendly snake,i remember waiting all day to download this trailer with k and realplayer or whatever app it required just to watch this,2022-12-02,neutral
UgyinMgLmc5i_q9Rsnl4AaABAg,Andor | Official Trailer | Disney+,SMGJohn,can you make the actor whisper more i wa still hearing their voice,2023-03-26,neutral
UgyzrHwp289-cVhUPx14AaABAg,Star Wars: The Rise of Skywalker | Final Trailer,Haleycarol2022,i still cant believe not a lot of people liked this movie this wa a great movie and other than the force awakens tbis wa my favorite especially with reylo i love every single second of it aure i can understand why some people dont like but it wa great for me and i also think rey deserved the skywalker name because she finally stopped palpatine and didnt become part of the dark side,2023-01-07,positive
UgxTUQkZ_8FYhVyDfXx4AaABAg,Andor | Official Trailer | Disney+,StYxXx,the sequel were so bad i almost lost all interest in star war but andorperfect :) this is what it should look like fire the people behind the sequel and let the one from andor and rogue one take the helm,2023-03-31,neutral
Ugxsu-2V7j-hQz0fIYR4AaABAg,Andor | Official Trailer | Disney+,cinnamonstar808,a solid the childhood backstory need more work another praise to got for setting the adult bar of story telling we are getting more realistic storyline,2022-10-18,positive
UgwALzWzyWM58TrAC994AaABAg,Andor | Official Trailer | Disney+,Rayanne,i remember at celebration last year how so many people were so negative about this show they said thing like no one care about cassian no one asked for this story it going to be boring but i knew i knew this show wa going to change everything the expectation for writing within the star war franchise all i can say is that every episode left me wanting more made me feel a if i were there and taught me something new both fictionally and a a story teller,2023-02-25,negative
UgwUTt3hWbQNHC0kUKx4AaABAg,Star Wars Eclipse – Official Cinematic Reveal Trailer,Cyprian Maciej,omg i thought that it wa a new moviethe trailer look amazing,2023-04-24,positive
Ugxb72WwQ75DQXBh4Zx4AaABAg,Star Wars Eclipse – Official Cinematic Reveal Trailer,Azyne,it been year and not a single bit of news just tell u it's cancelled already disney i wa actually excited but why did you have to show u this trailer year before the game is even near completion,2023-04-16,positive
UgwL1YtiWr7fbn_wrFx4AaABAg,Andor | Official Trailer | Disney+,Ken Anderson,this show made zero sense i love andor it the besssst whats it about ummm,2023-04-11,positive
Ugw-NtQFVTo5lCX9aMN4AaABAg,Ahsoka | Teaser Trailer | Disney+,Huginn Hjartarson,i wonder if mando will make some guest appearance in these series like he did in the book of boba fett,2023-04-23,positive
Ugw_EVL3kEKMFAoiJUV4AaABAg,Star Wars: The Rise of Skywalker | Final Trailer,Rikard,poe damon should not have been in the movie but his part in the sequel should have been reys,2023-01-30,neutral
Ugy0hSoqeRES8ajoxlN4AaABAg,Ahsoka | Teaser Trailer | Disney+,Shaila Singh,star war luv to wait watching ahsoka mind blowing sci fi movie,2023-04-26,negative
Ugy25XFUrTMubUo-jnN4AaABAg,Star Wars: The Rise of Skywalker | Final Trailer,Capstone Project Selection Process,this sequal would have been fine if at the end anakin appeared the music start and defeat palpatine to end this cycle,2023-03-28,negative
UgxWi-SWFgFqIcQRdxt4AaABAg,Ahsoka | Teaser Trailer | Disney+,Benito Lopez,heir to the empire need luke mara jade everything else is rebel not the original story it caca,2023-04-26,negative
UgxcxIZh52xNa3PVgv54AaABAg,Star Wars Episode I: The Phantom Menace - Trailer,Kartik the dragon,for the people who hate the prequels you guy must know that these movie are for kid not for adult,2022-08-21,negative
UgzLKJ2YURIqZTpNLKZ4AaABAg,Star Wars Episode I: The Phantom Menace - Trailer,Unholy Shaman,i don't think this trailer showed too much it wa the most well done of the trilogy thats not to say that this movie wa the best however,2022-09-25,positive
UgwVxdiFjRX-zPNkoMR4AaABAg,Andor | Official Trailer | Disney+,Nathan Coffman,first star war series with a story that doesn't just meander and shove in fan service,2023-04-08,negative
Ugy4jxDBnJQJODBHR594AaABAg,Star Wars Episode I: The Phantom Menace - Trailer,Sankofa NYC,this wa a great trailer it just left you with so much excitement and mystery every moment generates a who that and what wa that and whoa did you see that especially going in blind after all of the year waiting with this trailer there wa absolutely no way this movie wouldnt be record breaking making maker because you just had to go see this,2023-04-16,positive
Ugwb2gtqA0l1m1Gp5Z94AaABAg,Andor | Official Trailer | Disney+,starwarsrebel2006,i couldn't understand what anybody wa saying in his childhood scene they were speaking an alien language and there were no subtitle they should have had subtitle,2022-09-24,negative
UgyR5vvkFU35gzPY_654AaABAg,Ahsoka | Teaser Trailer | Disney+,Addison Black,can't wait to see if they bring ezra back can't have thrawn without him,2023-04-24,neutral
UgwqnR4vXk84Zyi5QQp4AaABAg,Andor | Official Trailer | Disney+,Maurice Watkins,is there such a thing a going too far in the name of a righteous cause,2022-09-24,neutral
UgxH2tYnPKR3ywfLoUJ4AaABAg,Andor | Official Trailer | Disney+,Triton Tek,the character wa already uninteresting in the movie why they chose this character is also a mystery to me,2022-09-24,neutral
UgzGtC5JuNWpxfqCuIB4AaABAg,Andor | Official Trailer | Disney+,JAAZ G,i'm not the biggest star war fan but andor wa a brilliant show,2023-04-06,positive
UgzRqdMtzWaMQzpPYFx4AaABAg,Ahsoka | Teaser Trailer | Disney+,NiteFang,cant wait for ezra to show up no way thrawn took him out ezra be like: did we defeat the empire everyone: yes and no,2023-04-25,negative
Ugz1yEShlC1Ri4KQlvF4AaABAg,Andor | Official Trailer | Disney+,Hadley V Sunny,just watched season eagerly waiting for season top notch series well done,2023-01-19,positive
UgyyB1_JT3BXvxWjqAF4AaABAg,Andor | Official Trailer | Disney+,Stephen Rother,wow disney ha outdone itself with all the new star war series i wa disappointed when i heard disney bought star war totally unfounded i don't think it could be in better hand thanks disney,2022-09-28,positive
Ugz3FQqk9rvMLxaYCip4AaABAg,Star Wars: The Rise of Skywalker | Final Trailer,treeckoarsenel,year later the taking one last look sir at my friend still get me,2023-02-25,positive
Ugww7xIOSHHNz6KKjPt4AaABAg,Star Wars: The Rise of Skywalker | Final Trailer,Stik Kat,i kind of consider the prequels i be non-canon because of how the story is basically a worker redux of the original trilogy and that palpatine just end up existing he just there,2023-04-18,positive
UgxGrksv8MRyj1MBHud4AaABAg,Star Wars: The Rise of Skywalker | Final Trailer,Michele Burnard,how many of u can agree the trailer wa better than the movie,2023-03-27,positive
Ugxz4w-zmindNZBQVSx4AaABAg,Star Wars: The Rise of Skywalker | Final Trailer,Arne Trautmann,just watched the trailer for the first time and wanted to let you know: it's terrible shallow bombast without anything real lot of cgi and movie trope button-pushing,2023-02-13,negative
UgyAO26Q7F8MJeQa0PV4AaABAg,Andor | Official Trailer | Disney+,S. Patterson,the holy trifecta of cinematic presentation writing directing and acting near perfectly delivered on a platter by the team that gave u andor this wa an absolute clinic and the rest of the star war ip team should take notice never intended to watch it not after the abomination that wa obi-wan but i wa bored one day and decided to try it it gripped me like nothing in recent memory totally on the level of the expansesimply glorious writing stellar directing and tour de force performance star warswelcome back now ahem ahemcan we do an entire series on the backstory of luthernyou can simply call it: rebellion-the luthern chronicle,2023-03-11,positive
UgxgOy4Ko3iQCEJnvSd4AaABAg,Andor | Official Trailer | Disney+,Rea Mkhize,this is the outmost best ever series of star war when is the nd one can't wait,2023-03-06,positive
UgzBihnlm3ZcqZ3CyrF4AaABAg,Star Wars Eclipse – Official Cinematic Reveal Trailer,logarinho,if it wa the trailer for a new movie i would be hallucinating,2023-04-24,neutral
Ugxob3tW6dE6Lx7YtUF4AaABAg,Ahsoka | Teaser Trailer | Disney+,Dr. TJ Eckleburg,oh good more pink haired feminist in a star war show this should work out well,2023-04-25,neutral
UgwzXFlF0sXLpw7bPk94AaABAg,Andor | Official Trailer | Disney+,JAYJAXON100,can we talk about the poor story telling of this series i love star war and is sad to see this series going into such a boring direction i am stopping after episode,2022-10-05,negative
UgzQHC6o675wEpirTPh4AaABAg,Andor | Official Trailer | Disney+,str1xt,by far the closest thing to star war that ha come out yet genuinely impressed with the first three show bravo,2022-10-01,positive
UgxeY7q8gejd79rXsZZ4AaABAg,Star Wars: The Rise of Skywalker | Final Trailer,SeeJay-X,whatre these star war fan talking about this wa really good but man this music wasnt in the movie wish it wa,2023-01-25,positive
UgyhsqTaUDa40xjCZcB4AaABAg,Ahsoka | Teaser Trailer | Disney+,عمر فايد - Omer Faied,why pharos are black i think if disney/netflix made a movie about churchul they would use whoopi goldberg woke,2023-04-26,neutral
Ugxfp6FayKrdPldYMfB4AaABAg,Ahsoka | Teaser Trailer | Disney+,Encinoman 90,an all female cast with extra a more female i guess the force is female,2023-04-22,neutral
Ugx1UxTQH1iwRIZmpXd4AaABAg,Andor | Official Trailer | Disney+,Travis Bernhardt,whatever creative process led to this show please use it for your other show so much better finally,2022-09-29,positive
UgziCq_91-QHRLh6EC14AaABAg,Star Wars Episode I: The Phantom Menace - Trailer,The end,i wa born right after this movie totally wish i could have experienced the hype and watched this in theater i started the prequels with this still when i wa around or and it wa incredible i vividly remember watching darth maul cut in half and being in utter shock staring at the tv star war these day for me is just pure nostalgia and i watch once in a while just to feel good i wa lucky enough to see revenge of the sith in theater even though tpm isnt the best received by fan if you get into legend and read about plagueis and different event around leading up and into the prequels it make the movie x more interesting if youre a fan of the phantom menace go read the darth plagueis novel asap it make tpm a monumental movie and make you realize whats truly going on,2022-11-20,positive
UgyteVqCql24zt3GXTl4AaABAg,Ahsoka | Teaser Trailer | Disney+,1 Alamby,just finished rebel againthe two dark jedi have to be related to the two wolf for the portal in the world between world given their name,2023-04-24,negative
UgzAEmEi1WzFi6uUVlV4AaABAg,Andor | Official Trailer | Disney+,red fury91,anybody who wa expecting an action packed scifi thriller a the trailer suggests is going to be sadly mistaken when they actually watch the show itself eps in and super boring so far,2022-09-28,negative
UgxVNG7TLI4y-awXQOB4AaABAg,Andor | Official Trailer | Disney+,puddles217,really great so far loved the new direction and the new character plus the music is incredible can't wait to add it to my playlist once the series is completely released,2022-09-24,positive
Ugx8Tu-8xStt5Caje714AaABAg,Ahsoka | Teaser Trailer | Disney+,wjhd,wish they'd done heir to the empire with luke instead of giving such a great story to a character like ahsoka,2023-04-23,positive
UgzXFNsKFakDwkdkaqx4AaABAg,Andor | Official Trailer | Disney+,Pablo's waste-ground,am i only the one to spot a deleted scene where the partisan were aiming at luthen in segra milo,2023-01-26,neutral
Ugx-ZJFpHeIxiiGnUPB4AaABAg,Andor | Official Trailer | Disney+,Fidanza,for someone who's lost interest in star war after the clone war movie i gotta say this show ha really gotten me back on i hated the direction and feel that star war had taken once disney had purchased the franchise but now with this show i finally can say i stand corrected i think i can speak for alot of u when i say we want more of this serious/adult tone to the show to come in the future,2023-04-11,negative
UgzPryR9As-U8jamqLN4AaABAg,Ahsoka | Teaser Trailer | Disney+,Cane607,ahsoka ha really changed in nature of her personality from clone war she more more world weary and melancholy but it all make sense story wise,2023-04-23,positive
UgzR4hsljZM6m4mqCjp4AaABAg,Andor | Official Trailer | Disney+,MisterNiles,would someone who think the main star war canon is derivative garbage like this series or must you be a fan of the core film,2022-12-18,neutral
Ugz8kDNuxYJ4Ric4Pbx4AaABAg,Andor | Official Trailer | Disney+,Anna,when ca wa injured in the first fight and then the different character kept referring to his injury and not just forgotten it showed that the show actually care about continuity great show,2023-02-20,positive
Ugy4SuzaPINe1BhiNe54AaABAg,Star Wars: The Rise of Skywalker | Final Trailer,FuriouslyConfused,for those that dont know this movie wa written in hour by two drunk guy,2023-02-05,negative
UgwxSXfbVjXTIm1mItF4AaABAg,Andor | Official Trailer | Disney+,DOGE,here after the halfway point of the season it just get better every episode,2022-10-12,positive
Ugxrm0J-c20PxvFcStR4AaABAg,Andor | Official Trailer | Disney+,Piet,absolutely fantastic show lightyears ahead of anything other disney,2023-03-28,positive
UgwectG6x7wTI1oPPPd4AaABAg,Ahsoka | Teaser Trailer | Disney+,Gothiczartan,is ahsoka set up in the event during or after the mandalorian it wa to be after the event from the book of boba fett for ahsoka tano to get ready for her show to start in august,2023-04-24,positive
UgzzIys-KB8h4ONuNjh4AaABAg,Star Wars Episode I: The Phantom Menace - Trailer,Michael Ski,just wish they didn't include maul's double sided saber in the trailer kind of spoiled an epic moment for the theater,2023-02-05,positive
UgyTUQZVKr0QI5KLcaZ4AaABAg,Andor | Official Trailer | Disney+,Channel name pending,this show can't even hold a candle to the masterpiece of cinema the star war holiday special,2023-01-20,positive
Ugwm0ekyqrL02UU1FIR4AaABAg,Ahsoka | Teaser Trailer | Disney+,Aiden Morales,i havent watched much of rebel but this make me want to watch the whole series,2023-04-23,neutral
